"tipo";"data";"detalhes";"latitude";"longitude"
"Automóvel";"2015-04-01";"Carro";"-8.0716529";"-34.9440014"
"Automóvel";"2015-04-05";"Carro";"-8.0048103";"-34.9261325"
"Automóvel";"2015-04-05";"Carro";"-8.025636";"-34.9116084"
"Automóvel";"2015-04-08";"Carro";"-8.0357577";"-34.9475741"
"Automóvel";"2015-04-10";"Carro";"-8.0547839";"-34.8769676"
"Automóvel";"2015-04-11";"Carro";"-8.0709571";"-34.9286109"
"Automóvel";"2015-04-17";"Carro";"-8.0717299";"-34.9269024"
"Automóvel";"2015-04-18";"Carro";"-8.0482667";"-34.8967141"
"Automóvel";"2015-04-18";"Carro";"-8.0762876";"-34.8954467"
"Automóvel";"2015-04-18";"Carro";"-8.1049373";"-34.8868409"
"Automóvel";"2015-04-19";"Carro";"-8.0922973";"-34.9378216"
"Automóvel";"2015-04-19";"Carro";"-8.053318";"-34.9067415"
"Automóvel";"2015-04-21";"Carro";"-8.1266235";"-34.9095136"
"Automóvel";"2015-04-27";"Carro";"-8.062613";"-34.9131373"
"Automóvel";"2015-04-28";"Carro";"-8.0211023";"-34.9196604"
"Ciclista";"2015-04-02";"Ciclista";"-8.1173299";"-34.8966309"
"Ciclista";"2015-04-04";"Ciclista";"-8.0674038";"-34.8902312"
"Ciclista";"2015-04-05";"Ciclista";"-8.0360365";"-34.9070942"
"Ciclista";"2015-04-07";"Ciclista";"-8.0981818";"-34.8878735"
"Ciclista";"2015-04-12";"Ciclista";"-8.0190838";"-34.8938495"
"Ciclista";"2015-04-14";"Ciclista";"-8.0439005";"-34.9328461"
"Ciclista";"2015-04-25";"Ciclista";"-8.0803474";"-34.9095297"
"Ciclista";"2015-04-28";"Ciclista";"-8.0485216";"-34.8776409"
"Ciclomotor";"2015-04-06";"Ciclomotor";"-8.0772084";"-34.9806753"
"Ciclomotor";"2015-04-12";"Ciclomotor";"-8.0808891";"-34.919419"
"Ciclomotor";"2015-04-13";"Ciclomotor";"-8.143508";"-34.9082878"
"Ciclomotor";"2015-04-14";"Ciclomotor";"-8.031256";"-34.916136"
"Ciclomotor";"2015-04-14";"Ciclomotor";"-8.0624829";"-34.8807603"
"Ciclomotor";"2015-04-16";"Ciclomotor";"-7.9937476";"-34.9353433"
"Ciclomotor";"2015-04-18";"Ciclomotor";"-8.0453559";"-34.9304107"
"Ciclomotor";"2015-04-18";"Ciclomotor";"-8.0354443";"-34.9204114"
"Ciclomotor";"2015-04-18";"Ciclomotor";"-8.0742952";"-34.9224687"
"Ciclomotor";"2015-04-20";"Ciclomotor";"-8.0233493";"-34.9305314"
"Ciclomotor";"2015-04-21";"Ciclomotor";"-8.0652275";"-34.9080317"
"Ciclomotor";"2015-04-23";"Ciclomotor";"-8.0906163";"-34.909232"
"Ciclomotor";"2015-04-23";"Ciclomotor";"-8.0384295";"-34.8793441"
"Ciclomotor";"2015-04-24";"Ciclomotor";"-8.115349";"-34.900555"
"Ciclomotor";"2015-04-24";"Ciclomotor";"-8.090534";"-34.9077407"
"Motocicleta";"2015-04-01";"Moto";"-8.0303902";"-34.9249819"
"Motocicleta";"2015-04-01";"Moto";"-8.0539859";"-34.9068059"
"Motocicleta";"2015-04-01";"Moto";"-8.0711589";"-34.9094827"
"Motocicleta";"2015-04-01";"Moto";"-8.0712731";"-34.8833835"
"Motocicleta";"2015-04-02";"Moto";"-8.035601";"-34.9071425"
"Motocicleta";"2015-04-02";"Moto";"-8.0238818";"-34.8972559"
"Motocicleta";"2015-04-02";"Moto";"-8.0925429";"-34.911025"
"Motocicleta";"2015-04-02";"Moto";"-8.108145";"-34.9153125"
"Motocicleta";"2015-04-03";"Moto";"-8.1207619";"-34.8953797"
"Motocicleta";"2015-04-04";"Moto";"-8.0394122";"-34.9407774"
"Motocicleta";"2015-04-04";"Moto";"-8.1060532";"-34.8890349"
"Motocicleta";"2015-04-04";"Moto";"-8.0268073";"-34.8982966"
"Motocicleta";"2015-04-04";"Moto";"-8.1423822";"-34.9106294"
"Motocicleta";"2015-04-04";"Moto";"-8.1211934";"-34.9039453"
"Motocicleta";"2015-04-04";"Moto";"-8.1213633";"-34.9039561"
"Motocicleta";"2015-04-05";"Moto";"-8.052808";"-34.880814"
"Motocicleta";"2015-04-05";"Moto";"-8.0072831";"-34.9026632"
"Motocicleta";"2015-04-06";"Moto";"-8.0118196";"-34.8892777"
"Motocicleta";"2015-04-06";"Moto";"-8.0903535";"-34.9295712"
"Motocicleta";"2015-04-06";"Moto";"-8.0306929";"-34.8946354"
"Motocicleta";"2015-04-06";"Moto";"-8.1398067";"-34.9074966"
"Motocicleta";"2015-04-07";"Moto";"-8.0596439";"-34.8975563"
"Motocicleta";"2015-04-07";"Moto";"-8.0703091";"-34.8806477"
"Motocicleta";"2015-04-08";"Moto";"-8.1114164";"-34.8928678"
"Motocicleta";"2015-04-08";"Moto";"-8.1000752";"-34.9102941"
"Motocicleta";"2015-04-08";"Moto";"-8.0701179";"-34.9329829"
"Motocicleta";"2015-04-09";"Moto";"-8.0585976";"-34.9251616"
"Motocicleta";"2015-04-09";"Moto";"-8.0330965";"-34.9104953"
"Motocicleta";"2015-04-09";"Moto";"-8.1119263";"-34.9265349"
"Motocicleta";"2015-04-09";"Moto";"-8.1430195";"-34.9092883"
"Motocicleta";"2015-04-09";"Moto";"-8.0783663";"-34.8925191"
"Motocicleta";"2015-04-10";"Moto";"-8.0983996";"-34.8838127"
"Motocicleta";"2015-04-10";"Moto";"-8.0358002";"-34.8699349"
"Motocicleta";"2015-04-10";"Moto";"-8.0514828";"-34.8938468"
"Motocicleta";"2015-04-10";"Moto";"-8.051836";"-34.8947614"
"Motocicleta";"2015-04-10";"Moto";"-8.0526009";"-34.8923206"
"Motocicleta";"2015-04-10";"Moto";"-8.0297129";"-34.9578899"
"Motocicleta";"2015-04-11";"Moto";"-8.1139019";"-34.9392647"
"Motocicleta";"2015-04-11";"Moto";"-8.0651253";"-34.9271464"
"Motocicleta";"2015-04-11";"Moto";"-8.021267";"-34.9174315"
"Motocicleta";"2015-04-11";"Moto";"-8.0272429";"-34.8966336"
"Motocicleta";"2015-04-12";"Moto";"-8.1120484";"-34.9066865"
"Motocicleta";"2015-04-12";"Moto";"-8.0362411";"-34.920001"
"Motocicleta";"2015-04-12";"Moto";"-8.0610833";"-34.9231339"
"Motocicleta";"2015-04-12";"Moto";"-8.0621668";"-34.9101466"
"Motocicleta";"2015-04-12";"Moto";"-8.1146347";"-34.8976743"
"Motocicleta";"2015-04-12";"Moto";"-8.0705933";"-34.9282676"
"Motocicleta";"2015-04-12";"Moto";"-8.1407519";"-34.9301183"
"Motocicleta";"2015-04-13";"Moto";"-8.0151742";"-34.8902714"
"Motocicleta";"2015-04-13";"Moto";"-8.1098869";"-34.8890886"
"Motocicleta";"2015-04-13";"Moto";"-8.0314977";"-34.9551004"
"Motocicleta";"2015-04-13";"Moto";"-8.0320966";"-34.9544393"
"Motocicleta";"2015-04-13";"Moto";"-8.0251606";"-34.930172"
"Motocicleta";"2015-04-13";"Moto";"-8.0613967";"-34.9059677"
"Motocicleta";"2015-04-13";"Moto";"-8.0439563";"-34.8824126"
"Motocicleta";"2015-04-13";"Moto";"-8.0634788";"-34.9857581"
"Motocicleta";"2015-04-13";"Moto";"-8.0346051";"-34.8808515"
"Motocicleta";"2015-04-13";"Moto";"-8.0398318";"-34.8847193"
"Motocicleta";"2015-04-14";"Moto";"-8.0192485";"-34.8940185"
"Motocicleta";"2015-04-14";"Moto";"-8.0217185";"-34.9163103"
"Motocicleta";"2015-04-14";"Moto";"-8.027721";"-34.8930287"
"Motocicleta";"2015-04-14";"Moto";"-8.0847981";"-34.9070191"
"Motocicleta";"2015-04-14";"Moto";"-8.0261858";"-34.9110103"
"Motocicleta";"2015-04-14";"Moto";"-8.0294261";"-34.8819029"
"Motocicleta";"2015-04-14";"Moto";"-8.0537588";"-34.9104095"
"Motocicleta";"2015-04-14";"Moto";"-8.1232168";"-34.9120402"
"Motocicleta";"2015-04-15";"Moto";"-8.0523778";"-34.9049163"
"Motocicleta";"2015-04-15";"Moto";"-8.0834809";"-34.9574661"
"Motocicleta";"2015-04-15";"Moto";"-8.1406776";"-34.9290293"
"Motocicleta";"2015-04-15";"Moto";"-8.0468432";"-34.9186814"
"Motocicleta";"2015-04-15";"Moto";"-8.1027386";"-34.9130622"
"Motocicleta";"2015-04-15";"Moto";"-8.0612699";"-34.888872"
"Motocicleta";"2015-04-15";"Moto";"-8.0484818";"-34.9192929"
"Motocicleta";"2015-04-16";"Moto";"-8.1133575";"-34.9044013"
"Motocicleta";"2015-04-16";"Moto";"-8.08545";"-34.8866303"
"Motocicleta";"2015-04-17";"Moto";"-8.1487068";"-34.9140143"
"Motocicleta";"2015-04-17";"Moto";"-8.1337316";"-34.9161279"
"Motocicleta";"2015-04-17";"Moto";"-8.0492732";"-34.8825882"
"Motocicleta";"2015-04-17";"Moto";"-8.0795467";"-34.904345"
"Motocicleta";"2015-04-18";"Moto";"-8.0043056";"-34.8969233"
"Motocicleta";"2015-04-18";"Moto";"-8.1417025";"-34.9035296"
"Motocicleta";"2015-04-18";"Moto";"-8.0662194";"-34.9252903"
"Motocicleta";"2015-04-18";"Moto";"-8.0276227";"-34.928973"
"Motocicleta";"2015-04-18";"Moto";"-8.0920556";"-34.9480623"
"Motocicleta";"2015-04-18";"Moto";"-8.0538093";"-34.8844537"
"Motocicleta";"2015-04-18";"Moto";"-8.0503647";"-34.9410242"
"Motocicleta";"2015-04-18";"Moto";"-8.0224542";"-34.8894963"
"Motocicleta";"2015-04-19";"Moto";"-8.0150254";"-34.8901266"
"Motocicleta";"2015-04-19";"Moto";"-7.9875401";"-34.9288416"
"Motocicleta";"2015-04-19";"Moto";"-8.0515705";"-34.9217176"
"Motocicleta";"2015-04-20";"Moto";"-8.0139033";"-34.9314313"
"Motocicleta";"2015-04-20";"Moto";"-8.0251367";"-34.9081537"
"Motocicleta";"2015-04-20";"Moto";"-8.0792054";"-34.9339646"
"Motocicleta";"2015-04-20";"Moto";"-8.0187823";"-34.8938079"
"Motocicleta";"2015-04-21";"Moto";"-8.1197171";"-34.9010137"
"Motocicleta";"2015-04-22";"Moto";"-8.0314977";"-34.9240297"
"Motocicleta";"2015-04-22";"Moto";"-8.1087318";"-34.9122736"
"Motocicleta";"2015-04-22";"Moto";"-8.1078848";"-34.9267361"
"Motocicleta";"2015-04-23";"Moto";"-8.0526646";"-34.9172544"
"Motocicleta";"2015-04-23";"Moto";"-8.0532489";"-34.8841131"
"Motocicleta";"2015-04-23";"Moto";"-8.1411077";"-34.913553"
"Motocicleta";"2015-04-24";"Moto";"-8.1055268";"-34.9273878"
"Motocicleta";"2015-04-24";"Moto";"-8.0566031";"-34.8973793"
"Motocicleta";"2015-04-25";"Moto";"-8.1202481";"-34.9436527"
"Motocicleta";"2015-04-26";"Moto";"-8.0518626";"-34.9218947"
"Motocicleta";"2015-04-26";"Moto";"-8.0980198";"-34.9101238"
"Motocicleta";"2015-04-26";"Moto";"-8.0016934";"-34.9236703"
"Motocicleta";"2015-04-26";"Moto";"-8.0506622";"-34.939903"
"Motocicleta";"2015-04-27";"Moto";"-8.0446335";"-34.8749024"
"Motocicleta";"2015-04-27";"Moto";"-8.1173804";"-34.8964834"
"Motocicleta";"2015-04-27";"Moto";"-8.0438501";"-34.8880586"
"Motocicleta";"2015-04-27";"Moto";"-8.0517909";"-34.8900032"
"Motocicleta";"2015-04-27";"Moto";"-8.0900454";"-34.9083468"
"Motocicleta";"2015-04-27";"Moto";"-8.0272615";"-34.8982403"
"Motocicleta";"2015-04-27";"Moto";"-8.1252241";"-34.9058121"
"Motocicleta";"2015-04-28";"Moto";"-8.0455498";"-34.9298608"
"Motocicleta";"2015-04-28";"Moto";"-8.0508122";"-34.906535"
"Motocicleta";"2015-04-28";"Moto";"-8.0581009";"-34.9056056"
"Motocicleta";"2015-04-28";"Moto";"-8.0214343";"-34.8864922"
"Motocicleta";"2015-04-28";"Moto";"-8.020352";"-34.9171096"
"Motocicleta";"2015-04-29";"Moto";"-8.0350898";"-34.9090067"
"Motocicleta";"2015-04-30";"Moto";"-8.0601684";"-34.8702152"
"Motocicleta";"2015-04-30";"Moto";"-8.0162007";"-34.93053"
"Motocicleta";"2015-04-30";"Moto";"-8.0860196";"-34.8946166"
"Motocicleta";"2015-04-30";"Moto";"-8.0430719";"-34.9080411"
"Motocicleta";"2015-04-30";"Moto";"-8.0080852";"-34.9092937"
"Pedestre";"2015-04-02";"Pedestre";"-8.1174043";"-34.8964915"
"Pedestre";"2015-04-03";"Pedestre";"-8.1264881";"-34.8997101"
"Pedestre";"2015-04-05";"Pedestre";"-8.060353";"-34.8778501"
"Pedestre";"2015-04-05";"Pedestre";"-8.05007";"-34.9215728"
"Pedestre";"2015-04-07";"Pedestre";"-8.051443";"-34.9532282"
"Pedestre";"2015-04-07";"Pedestre";"-8.0581302";"-34.9067885"
"Pedestre";"2015-04-08";"Pedestre";"-8.0552938";"-34.9003351"
"Pedestre";"2015-04-09";"Pedestre";"-8.0249535";"-34.9170291"
"Pedestre";"2015-04-12";"Pedestre";"-8.1073696";"-34.9232036"
"Pedestre";"2015-04-13";"Pedestre";"-8.0295376";"-34.9257007"
"Pedestre";"2015-04-13";"Pedestre";"-8.0154531";"-34.9067107"
"Pedestre";"2015-04-16";"Pedestre";"-8.0592642";"-34.886865"
"Pedestre";"2015-04-18";"Pedestre";"-8.0611484";"-34.8834305"
"Pedestre";"2015-04-20";"Pedestre";"-8.117845";"-34.8956224"
"Pedestre";"2015-04-24";"Pedestre";"-8.0266373";"-34.8849338"
"Pedestre";"2015-04-28";"Pedestre";"-8.0428329";"-34.9347907"
"Pedestre";"2015-04-30";"Pedestre";"-8.1332112";"-34.9373442"
"Outros";"2015-04-07";"Caminhão";"-8.1112173";"-34.8916367"
"Outros";"2015-04-19";"Caminhão";"-8.067356";"-34.8967651"
"Outros";"2015-04-20";"Caminhão";"-8.0272934";"-34.8964271"
